MILAFF,154
CHICANO,161
HISTORY,103U
HISTORY,103S
ANTHRO,183
FILM,25B
HISTART,190M
ECON,134
ASAMST,131
HISTORY,103F
HISTORY,7B
HISTORY,103D
HISTORY,103E
HISTART,101
HISTART,190B
HISTORY,124B
HISTORY,100AC
THEATER,125
ITALIAN,160S
NESTUD,105A
LEGALST,160
LEGALST,161
CHICANO,50
GEOG,70AC
SASIAN,1B
HISTORY,100AP
GERMAN,C25
COLWRIT,50AC
HISTORY,100B
ITALIAN,105
HISTORY,100E
HISTORY,100D
EAPARTHS,100-67
COMLIT,171
HISTORY,100M
INFO,103
HISTORY,100U
POLECON,160
HISTORY,C188C
FRENCH,183A
NESTUD,15
HISTORY,185A
HISTORY,171C
ASAMST,122
FILM,25A
HISTORY,190
HISTORY,111D
MILAFF,20
NATAMST,178
ECON,115
ECON,113
HISTORY,182AT
ETHSTD,21AC
CHICANO,150B
HISTORY,158D
EAPARTHS,15-9
HISTORY,172
HISTORY,170
AMERSTD,C112B
SLAVIC,158
ASAMST,20A
PHILOS,161
HISTORY,103B
LATIN,100
HISTART,185B
JEWISH,100
HISTORY,39T
PHILOS,173
NESTUD,150B
ARCH,170B
EAPANTH,111-272
NATAMST,90
UGBA,C172
EAPARTHS,109-67
HISTORY,C182C
GERMAN,160B
NATAMST,176
HISTORY,118C
ANTHRO,123A
HISTART,170
AFRICAM,5B
SOCIOL,131AC
HISTORY,160
NATAMST,39A
AMERSTD,10
CLASSIC,17B
EAPHIST,115S-131
EAPARTHS,1-189
HISTORY,12
CLASSIC,130C
KOREAN,112
EAPLATAS,175-331
CHINESE,C116
NESTUD,180
HISTORY,122AC
NATAMST,175
HISTORY,168A
ASAMST,171
CHICANO,135B
GEOG,C112
NATAMST,20A
CLASSIC,10B
JAPAN,80
KOREAN,102
NESTUD,175
AFRICAM,131
CHICANO,152
HISTORY,137AC
NATAMST,C73AC
ANTHRO,134
HISTORY,151A
LS,C60U
NATAMST,173AC
ETHSTD,181AC
HISTART,151
POLSCI,124A
ANTHRO,2AC
HISTORY,105B
LEGALST,103
GLOBAL,100D
POLSCI,112C
POLSCI,112B
HISTORY,4B
NATAMST,145
PORTUG,113
EAPHIST,111-272
SASIAN,144
HISTORY,178
GEOG,C160B
FRENCH,43B
SEASIAN,10B
BUDDSTD,C117
BUDDSTD,C116
IAS,45
EAPARCH,109-67
MUSIC,128B
HISTART,141B
ESPM,50AC
EAPCLIT,109-67
CELTIC,173
HISTORY,130
DEVSTD,C100
ETHSTD,173AC
ESPM,160AC
SLAVIC,190
HISTORY,6B
HISTORY,109C
NATAMST,71
NATAMST,72
HISTORY,182A
HISTORY,155B
HISTART,131B
EAPHIST,104-39
EAPSPAN,175-331
ANTHRO,114
MATH,160
LINGUIS,155AC
EAPHIST,50B-170
HISTORY,5
EAPARTHS,113-272
ASAMST,124
EAPITAL,111-272
ANTHRO,129C
NESTUD,C188
ASAMST,121
HISTART,132
HISTORY,114B
LDARCH,170
EDUC,183
MUSIC,128BM
NESTUD,126
HISTART,11
COLWRIT,150AC
LEGALST,174
LEGALST,177
PHILOS,25B
HISTORY,146
MONGOLN,C117
