JAPAN,100B
HINURD,101B
CHICANO,161
FRENCH,103B
HEBREW,100B
ITALIAN,101
ANTHRO,183
SPANISH,104B
POLECON,150
ENVECON,C151
FRENCH,4
SPANISH,100
LEGALST,161
ESPM,168
ESPM,165
BUDDSTD,C128
COMLIT,171
UGBA,178
PACS,151
PERSIAN,100B
CHINESE,101
SPANISH,135W
CHINESE,100B
PERSIAN,103B
SPANISH,111A
HISTORY,190
POLSCI,2
ECON,115
FRENCH,141
POLSCI,149E
GWS,14
GEOG,20
POLSCI,149S
ENVDES,100
SOCIOL,180C
TIBETAN,115
ANTHRO,170
FRENCH,118B
KHMER,101B
ARABIC,100B
ARABIC,107
FILIPN,101B
DEMOG,C175
CELTIC,129
AFRICAM,15B
UGBA,118
HISTORY,160
POLSCI,126A
ECON,C175
PACS,135
GLOBAL,150Q
JAPAN,102
ENVECON,C181
GERMAN,101
GERMAN,100
EALANG,C128
KOREAN,112
ECON,C181
MEDIAST,160
ECON,172
FRENCH,126
ANTHRO,136G
JAPAN,80
KOREAN,102
NESTUD,175
GPP,105
AFRICAM,131
SSEASN,C145
GWS,144
JAPAN,144
SPANISH,135
JAPAN,C141
POLSCI,124C
POLSCI,124A
POLECON,101
AFRICAM,112A
SPANISH,107B
GLOBAL,100D
GERMAN,102A
ART,119
SOCIOL,189G
ARMENI,124
JAPAN,163
SEASIAN,10B
FRENCH,170
SOCIOL,127
DEVSTD,C100
FRENCH,102
CHINESE,157
SPANISH,102A
SPANISH,102C
JAPAN,155
SPANISH,25
GEOG,130
VIETNMS,101B
SPANISH,115
ARABIC,104B
EALANG,191
ISF,100A
ISF,100C
GLOBAL,10A
CHINESE,110B
GEOG,C112
KOREAN,150
KOREAN,153
ASIANST,150
KOREAN,100B
RUSSIAN,103B
MUSIC,139
