ARCH,140
ASTRON,7B
ASTRON,C12
CHEM,1A
CHEM,1A
CHEM,1B
CHEM,3A
CHEM,3A
CHEM,3B
CHEM,3B
CHEM,4B
CHEM,C130
COMPSCI,61C
COMPSCI,188
ENGIN,45
EPS,3
ASTRON,C12
EPS,50
EPS,100B
EPS,103
EPS,130
ESPM,15
ESPM,181A
GEOG,140A
GEOG,143
L & S,22
L & S,70A
L & S,70C
ASTRON,C12
CHEM,C130
PHYSICS,5A
PHYSICS,5B
PHYSICS,7A
PHYSICS,7A
PHYSICS,7A
PHYSICS,7B
PHYSICS,7B
PHYSICS,7C
PHYSICS,8A
PHYSICS,8A
PHYSICS,8B
PHYSICS,8B
PHYSICS,105
PHYSICS,110A
PHYSICS,111A
PHYSICS,137A
PHYSICS,137A
PHYSICS,137B
PHYSICS,137B
PHYSICS,141A
PHYSICS,141B
PHYSICS,177
