ENGLISH,115A
EAPEURS,125-218
MUSIC,108M
HINURD,101A
FRENCH,103A
MUSIC,109
ITALIAN,104
FILM,20
TIBETAN,110A
THEATER,162
CHINESE,172
FILM,25A
MUSIC,157A
SPANISH,104A
UGIS,160A
NESTUD,18
HISTART,190A
HISTART,88
ENGLISH,110
MUSIC,150A
XHISTAR,11
MUSIC,150E
MUSIC,150D
NESTUD,105A
EALANG,114
MUSIC,128AM
SCANDIN,101A
MUSIC,137AC
RHETOR,150
GREEK,125
THEATER,119
THEATER,111
SCANDIN,115
THEATER,114
NATAMST,C152
THEATER,10
HISTART,190T
BUDDSTD,C120
MUSIC,70
LS,20E
SOCIOL,160
MUSIC,131A
AFRICAM,158A
GWS,126
ENGLISH,C77
SPANISH,135W
SLAVIC,134F
ITALIAN,170
MUSIC,170
ENGLISH,104
EAPANTH,111-181
GWS,C146A
COMLIT,60AC
EAPENGL,127-132
ENGLISH,125D
LATIN,116
MUSIC,109M
JAPAN,120
FRENCH,140D
ART,8
GERMAN,100
LINGUIS,106
MUSIC,161A
HISTART,187AC
JAPAN,181
THEATER,20U
MUSIC,180
MUSIC,25A
CELTIC,138
THEATER,174A
AMERSTD,C152
EAPARTHS,105-307
THEATER,110A
ART,123
EAPARTHS,125-218
MUSIC,155
COMLIT,20
ENGLISH,31AC
THEATER,60
AFRICAM,4A
LATIN,101
LGBT,C146A
MUSIC,108
AFRICAM,159
MUSIC,116A
PHILOS,176
ENGLISH,171
ENGLISH,170
JAPAN,7A
ENGLISH,175
ENGLISH,174
ARCH,170A
CHINESE,186
HISTART,62
MUSIC,158A
ARABIC,108
CHINESE,7A
FRENCH,118B
LATIN,100
KOREAN,188
RHETOR,103A
FILM,181
MUSIC,164
SLAVIC,134D
AFRICAM,5A
ENGLISH,180H
EAPHIST,50B-134
ART,132
ART,133
ENGLISH,143N
CHICANO,20
MUSIC,107
ENGLISH,143B
ENGLISH,143A
JAPAN,103
FRENCH,139
GERMAN,101
ENGLISH,161
ITALIAN,40
SPANISH,107A
GERMAN,105
LINGUIS,128
ETHSTD,175
ENGLISH,133A
GERMAN,39P
KOREAN,101
THEATER,121
MUSIC,150H
COMLIT,100
THEATER,125
XENGLIS,31AC
CHINESE,130
MUSIC,128
ASAMST,172
SLAVIC,45
XCLASSI,10A
CHICANO,135A
THEATER,26
THEATER,175A
CLASSIC,10A
PORTUG,102
JAPAN,177
ENVDES,4A
COMLIT,190
ART,102
MUSIC,170A
ART,184
GWS,140
SASIAN,140
LS,C138
SLAVIC,131
MUSIC,154A
FRENCH,121A
CHICANO,130
SPANISH,135
MUSIC,150B
THEATER,173A
FILM,129
JAPAN,159
MUSIC,C138
SASIAN,C113
EAPFILM,110-181
KOREAN,155
THEATER,52AC
ART,118
XFILM,50
FRENCH,170
HISTORY,39N
ENGLISH,141
SASIAN,128
ART,117
COMLIT,171
SLAVIC,147B
THEATER,139A
MUSIC,116AM
HEBREW,104A
XMUSIC,27
AFRICAM,100
TURKISH,101A
TURKISH,101B
CLASSIC,R44
BUDDSTD,C113
FRENCH,185
ESPM,C12
MUSIC,128A
HISTART,141B
ENGLISH,117B
THEATER,109
HISTART,15
SCANDIN,125
THEATER,5
ITALIAN,120
ENGLISH,117S
PHILOS,6
CHINESE,153
ART,21
CHINESE,156
ENGLISH,117T
COMLIT,112A
PORTUG,128
SCANDIN,100A
ENGLISH,138
FILM,151
ART,15
ENGLISH,134
SPANISH,25
ENGLISH,131
SLAVIC,100
THEATER,126
ENGLISH,45A
ENGLISH,45B
ENGLISH,45C
FRENCH,112B
ART,163
THEATER,144
EAPSOC,128-88
GREEK,100
VIETNMS,101A
ITALIAN,110
ENVDES,104
GREEK,102
COMLIT,155
CHINESE,110A
EAPARTHS,113-272
CLASSIC,17A
ARABIC,111B
ART,12
EALANG,C120
ART,14
CELTIC,168
ART,16
VISSTD,185X
HISTART,180C
PORTUG,135
KOREAN,157
SCANDIN,150
ENGLISH,126
FILM,140
ENGLISH,121
ART,171
LATIN,102
MUSIC,27
PERSIAN,102A
KOREAN,7A
NESTUD,102A
COLWRIT,105
ART,173
