AFRICAM,142AC
AFRICAM,156AC
AFRICAM,158A
AFRICAM,158B
AFRICAM,173AC
AFRICAM,190AC
AFRICAM,27AC
AFRICAM,28AC
AFRICAM,17AC
AFRICAM,25AC
AFRICAM,29AC
AFRICAM,119AC
AFRICAM,C133A
AFRICAM,136AC
AFRICAM,142B
AMERSTD,101AC
AMERSTD,10AC
AMERSTD,30AC
AMERSTD,102AC
AMERSTD,118AC
AMERSTD,C178B
AMERSTD,110AC
AMERSTD,138AC
AMERSTD,139AC
AMERSTD,170AC
AMERSTD,178AC
AMERSTD,179AC
AMERSTD,C174
ANTHRO,XB2AC
ANTHRO,XB3AC
ANTRHO,XB10AC
ANTHRO,11AC
ANTHRO,12AC
ANTHRO,153AC
ANTHRO,162AC
ANTHRO,163AC
ANTHRO,10AC
ANTHRO,121AC
ANTHRO,124AC
ANTHRO,124B
ANTHRO,160AC
ANTHRO,172AC
ANTHRO,174AC
ANTHRO,2AC
ANTHRO,3AC
ARCH,110AC
ARCH,180AC
ARCH,179AC
ARCH,C174B
ARCH,118AC
ART,23AC
ART,W23AC
ASAMST,128AC
ASAMST,132AC
ASAMST,143AC
ASAMST,145AC
ASAMST,151AC
ASAMST,190AC
ASAMST,20AC
CHICANO,180AC
COLWRIT,150AC
COLWRIT,192AC
COLWRIT,25AC
COLWRIT,50AC
COM LIT,36AC
COM LIT,60AC
COM LIT,N60AC
CY PLAN,118AC
DEMOG,145AC
DUTCH,171AC
EDUC,131AC
EDUC,140AC
EDUC,180AC
EDUC,C181
EDUC,182AC
EDUC,186AC
EDUC,190AC
EDUC,30AC
EDUC,40AC
EDUC,XB40AC
EDUC,52AC
EDUC,75AC
EDUC,N140
EDUC,N40AC
EDUC,W140A
ENGIN,157AC
ENGLISH,135AC
ENGLISH,165AC
ENGLISH,166AC
ENGLISH,31AC
ENGLISH,C143V
ENGLISH,N135
ENGLISH,N31AC
ENGLISH,XB31AC
ENGLISH,178AC
ENGLISH,S135
ENVECON,140AC
EPS,170AC
ESPM,155AC
ESPM,160AC
ESPM,C160
ESPM,163AC
ESPM,50AC
ESPM,XB50AC
ESPM,XB160AC
ESPM,XBW160AC
ETH STD,10AC
ETH STD,11AC
ETH STD,122AC
ETH STD,124AC
ETH STD,125AC
ETH STD,144AC
ETH STD,147AC
ETH STD,150AC
ETH STD,159AC
ETH STD,173AC
ETH STD,181AC
ETH STD,182AC
ETH STD,190AC
ETH STD,20AC
ETH STD,21AC
ETH STD,XB21AC
ETH STD,41AC
ETH STD,C73AC
ETH STD,N130
ETH STD,N144
ETH STD,N41AC
FILM,40AC
FRENCH,142AC
GEOG,159AC
GEOG,50AC
GEOG,70AC
GEOG,N50AC
GEOG,XB50AC
GEOG,150AC
GPP,150AC
GWS,100AC
GWS,116AC
GWS,130AC
GWS,132AC
GWS,133AC
GWS,50AC
GWS,X50AC
HISTART,187AC
HISTART,190AC
HISTART,192AC
HISTART,192G
HISTART,87AC
HISTORY,100AC
HISTORY,120AC
HISTORY,122AC
HISTORY,124A
HISTORY,124B
HISTORY,126A
HISTORY,126B
HISTORY,127AC
HISTORY,131B
HISTORY,134A
HISTORY,136A
HISTORY,136AC
HISTORY,136B
HISTORY,136C
HISTORY,137AC
HISTORY,7A
HISTORY,7B
HISTORY,C139B
HISTORY,C139C
HISTORY,C139D
HISTORY,N124A
HISTORY,N124B
HISTORY,N131B
IAS,157AC
IAS,158AC
INFO,142AC
INFO,182AC
INTEGBI,35AC
JOURN,39AC
JOURN,102AC
L & S,40AC
L & S,119AC
L & S,170AC
L & S,180AC
LD ARCH,138AC
LD ARCH,141AC
LEGALST,19AC
LEGALST,104AC
LEGALST,132AC
LEGALST,152AC
LEGALST,162AC
LEGALST,185AC
LGBT,20AC
LINGUIS,55AC
LINGUIS,XB55AC
LINGUIS,155AC
LINGUIS,S55
LINGUIS,S55X
MEC ENG,191AC
MUSIC,137AC
MUSIC,139AC
MUSIC,26AC
MUSIC,N26AC
MUSIC,74AC
NATAMST,120AC
NATAMST,173AC
NATAMST,178AC
NATAMST,C73AC
NWMEDIA,150AC
PACS,125AC
PACS,128AC
PACS,148AC
PACS,150AC
PACS,154AC
PB HLTH,130AC
PB HLTH,131AC
PB HLTH,150E
PHILOS,113AC
PHILOS,117AC
POL SCI,1AC
POL SCI,N1AC
POL SCI,33AC
POL SCI,60AC
POL SCI,111AC
POL SCI,118AC
POL SCI,167AC
POL SCI,182AC
POL SCI,18AC
PORTUG,137AC
PSYCH,39AC
PSYCH,125AC
PSYCH,132AC
PSYCH,135AC
PSYCH,166AC
PSYCH,167AC
PSYCH,192AC
PUB POL,117AC
PUB POL,190AC
RELIGST,171AC
RELIGST,172AC
RELIGST,173AC
RHETOR,40AC
RHETOR,41AC
RHETOR,42AC
RHETOR,139AC
RHETOR,141AC
RHETOR,162AC
RHETOR,180AC
RHETOR,129AC
RHETOR,152AC
SCANDIN,190AC
SLAVIC,149AC
SPANISH,135AC
SPANISH,137AC
SPANISH,165AC
SOCIOL,111AC
SOCIOL,113AC
SOCIOL,124AC
SOCIOL,125AC
SOCIOL,128AC
SOCIOL,130AC
SOCIOL,131AC
SOCIOL,132AC
SOCIOL,137AC
SOCIOL,144AC
SOCIOL,145AC
SOCIOL,146AC
SOCIOL,170AC
SOCIOL,190AC
SOCIOL,3AC
SOCIOL,XB3AC
SOC WEL,20AC
SOC WEL,105AC
SOC WEL,114AC
SOC WEL,150AC
SOC WEL,174AC
SOC WEL,175AC
THEATER,118AC
THEATER,25AC
THEATER,52AC
UGBA,39AC
UGBA,156AC
UGBA,192AC
UGIS,C135
VIS STD,C185A
VIS STD,182AC
VIS STD,185AC
