AFRICAM,4B
AFRICAM,8A
AFRICAM,8B
AFRICAM,9A
AFRICAM,9B
AFRICAM,10A
AFRICAM,10B
AFRICAM,14A
AFRICAM,14B
AFRICAM,15A
AFRICAM,15B
AFRICAM,19A
AFRICAM,19B
AFRICAM,112A
AFRICAM,112B
AFRICAM,131
ANTHRO,136G
ANTHRO,C147B
ANTHRO,152
ANTHRO,170
ANTHRO,171
ANTHRO,180
ANTHRO,181
ANTHRO,183
ARABIC,20A
ARABIC,20B
ARABIC,50
ARMENI,124
ASIANST,10
BUDDSTD,C128
CATALAN,101
CELTIC,85
CELTIC,86
CELTIC,102B
CELTIC,129
CHICANO,10
CHICANO,135C
CHICANO,163
CHINESE,10
CHINESE,10A
CHINESE,10B
CHINESE,100A
CHINESE,100B
CHINESE,153
CHINESE,172
CHINESE,C184
CHINESE,188
CLASSIC,N172A
CUNEIF,200A
CUNEIF,200B
CYPLAN,111
CYPLAN,115
DEMOG,C165
DEVSTD,C10
DEVSTD,C100
DUTCH,110
DUTCH,125
EALANG,111
EALANG,C128
EALANG,191
ENVDES,100
ESPM,155
ESPM,166
ESPM,168
ESPM,169
ETHSTD,N180
FILIPN,100A
FILIPN,100B
FILIPN,101A
FRENCH,3
FRENCH,4
GEOG,4
GEOG,N4
GEOG,10
GEOG,20
GEOG,N20
GEOG,C32
GEOG,35
GEOG,C55
GEOG,C112
GEOG,130
GEOG,N130
GERMAN,3
GERMAN,4
GERMAN,100
GERMAN,101
GERMAN,102A
GERMAN,102B
GERMAN,102D
GPP,105
GPP,115
GWS,14
GWS,102
GWS,141
GWS,142
HEBREW,20A
HEBREW,20B
HEBREW,30
HEBREW,100A
HEBREW,100B
HINURD,100A
HINURD,100B
HINURD,101A
HINURD,101B
HINURD,103A
HINURD,103B
HISTART,27
HISTART,131C
HISTORY,160
HISTORY,162B
HISTORY,186
IAS,120
IAS,150
IAS,180
ISF,100A
ISF,100D
ISF,100E
ISF,100H
ITALIAN,3
ITALIAN,4
JAPAN,10A
JAPAN,10B
JAPAN,100B
JAPAN,101
JAPAN,161
KHMER,101A
KHMER,101B
KOREAN,10
KOREAN,10A
KOREAN,10B
KOREAN,100A
KOREAN,100B
KOREAN,170
KOREAN,188
LATAMST,10
LATAMST,150
LATAMST,160
LEGALST,161
LEGALST,179
LGBT,C147B
LS,150A
LS,150C
MALAYI,100A
MALAYI,100B
MEDIAST,160
MUSIC,74
MUSIC,133C
MUSIC,134A
MUSIC,134B
MUSIC,C134C
MUSIC,135A
NESTUD,C26
NESTUD,154
NESTUD,165
NESTUD,175
PACS,126
PACS,128AC
PACS,135
PACS,149
PACS,151
PACS,164A
PBHLTH,112
PERSIAN,100A
PERSIAN,100B
POLECON,101
POLSCI,2
POLSCI,5
POLSCI,124A
POLSCI,124C
POLSCI,126A
POLSCI,128
POLSCI,128B
POLSCI,138E
POLSCI,138G
POLSCI,139B
POLSCI,141C
POLSCI,142A
POLSCI,143B
POLSCI,143C
POLSCI,144B
POLSCI,145A
POLSCI,W145A
POLSCI,145B
POLSCI,146A
POLSCI,N146C
PUNJABI,100A
PUNJABI,100B
SCANDIN,100A
SCANDIN,100B
SCANDIN,170
SEASIAN,10A
SEASIAN,10B
SLAVIC,50
SOCIOL,145L
SOCIOL,146
SOCIOL,146AC
SOCIOL,180C
SOCIOL,180E
SOCIOL,180I
SOCIOL,182
SOCIOL,C184
SPANISH,122
SSEASN,C145
THEATER,20U
THEATER,113A
THEATER,122
TIBETAN,115
TIBETAN,118
UGBA,118
UGBA,178
UGIS,162L