ASTRON,7A
ASTRON,7B
ASTRON,9
ASTRON,10
ASTRON,C10
ASTRON,N10
ASTRON,C12
ASTRON,W12
ASTRON,C13
CHEM,1A
CHEM,1AD
CHEM,1B
CHEM,W1A
CHEM,3A
CHEM,3B
CHEM,4A
CHEM,4B
CHEM,15
COMPSCI,61C
COMPSCI,61CL
ELENG,40
ELENG,42
ELENG,100
ENGIN,117
ENVSCI,10
EPS,3
EPS,8
EPS,C12
EPS,W12
EPS,20
EPS,C20
EPS,39B
EPS,50
EPS,51
EPS,C51
EPS,N51
EPS,80
EPS,C82
EPS,N82
EPS,100A
EPS,109
EPS,C129
EPS,130
EPS,C183
ESPM,2
ESPM,15
ESPM,C129
ESPM,C170
ESPM,172
ESPM,181A
GEOG,1
GEOG,N1
GEOG,40
GEOG,C82
GEOG,140A
GEOG,143
GEOG,144
INTEGBI,C13
INTEGBI,C82
LS,22
LS,70A
LS,70B
LS,70C
LS,C70T
LS,C70U
LS,C70V
LS,C70W
LS,C70X
LS,C70Y
LS,125
PHYSICS,7A
PHYSICS,H7A
PHYSICS,7B
PHYSICS,H7B
PHYSICS,H7C
PHYSICS,8A
PHYSICS,8B
PHYSICS,C10
PHYSICS,21
PHYSICS,C21
PHYSICS,89
PHYSICS,105
PHYSICS,110A
PHYSICS,111A
PHYSICS,137A
PHYSICS,137B
PHYSICS,141B
PHYSICS,177