CHICANO,163
CHICANO,161
FRENCH,103A
HEBREW,100A
ITALIAN,101
CHINESE,172
PERSIAN,103A
NESTUD,10
SPANISH,104A
ENVECON,C151
SLAVIC,50
FRENCH,3
LEGALST,161
ESPM,169
ASIANST,10
ESPM,165
CHINESE,102
PERSIAN,100A
SPANISH,135W
CHINESE,100A
LATAMST,150
THEATER,20U
JAPAN,120
GEOG,C55
POLSCI,5
POLSCI,2
SOCIOL,173
GEOG,C32
CHINESE,111
PACS,126
JAPAN,100A
ECON,182
INTEGBI,158LF
MESTU,150
SOCIOL,180I
ARABIC,108
XPOLSCI,2
ARABIC,100A
KHMER,101A
FILIPN,101A
SPANISH,107A
ECON,C171
ECON,162
ESPM,C107
GLOBAL,150Q
JAPAN,101
ENVECON,C181
KOREAN,111
ECON,C181
POLSCI,144
ARABIC,105B
FRENCH,120A
CHINESE,136
HINURD,101A
POLSCI,143A
JEWISH,123
KOREAN,101
GPP,105
GWS,142
SOCIOL,127
FRENCH,121B
SPANISH,135
SOCIOL,145L
GEOG,10
POLECON,101
UGBA,178
GLOBAL,173
JAPAN,163
JAPAN,160
HEBREW,104A
FRENCH,117B
GPP,115
SPANISH,100
SEASIAN,10A
XMESTU,10
FRENCH,146A
FRENCH,176
CHINESE,158
FRENCH,102
SPANISH,102A
JAPAN,159
SPANISH,25
FRENCH,180C
ISF,100H
VIETNMS,101A
ISF,100A
HINURD,104A
GLOBAL,10A
GWS,102
CHINESE,110A
ARABIC,111B
KOREAN,155
KOREAN,157
IAS,150
KOREAN,100A
DEVSTD,C10
NESTUD,C26
RUSSIAN,103A
