AFRICAM,5B
AFRICAM,131
AMERSTD,10
UGBA,C172
ANTHRO,2AC
ANTHRO,114
ANTHRO,122E
ARCH,170B
ASAMST,20A
ASAMST,121
BUDDSTD,C116
BUDDSTD,C117
CELTIC,173
CHICANO,150B
BUDDSTD,C116
CLASSIC,10B
CLASSIC,17B
CLASSIC,36
CLASSIC,39A
CLASSIC,172
COLWRIT,50AC
COLWRIT,150AC
COM LIT,171
EA LANG,109
ECON,115
EDUC,183
ESPM,50AC
ETH STD,21AC
ETH STD,C73AC
FILM,25A
FILM,25B
FILM,160
FRENCH,40
FRENCH,43B
FRENCH,161B
FRENCH,183B
GEOG,70AC
DEV STD,C100
GERMAN,160C
DEV STD,C100
GWS,100AC
HISTART,11
HISTART,C62
HISTART,132
HISTART,141C
HISTART,188A
HISTART,190B
HISTART,190E
HISTART,190G
HISTORY,4B
HISTORY,6B
HISTORY,7B
HISTORY,8B
HISTORY,39A
HISTORY,39V
HISTORY,39W
HISTORY,39X
HISTORY,39Y
HISTORY,39Z
HISTORY,100AP
HISTORY,100B
HISTORY,100B
HISTORY,100D
HISTORY,100D
HISTORY,100S
HISTORY,100U
HISTORY,103B
HISTORY,103B
HISTORY,103B
HISTORY,103B
HISTORY,103B
HISTORY,103D
HISTORY,103D
HISTORY,103E
HISTORY,103H
HISTORY,103U
HISTORY,103U
HISTORY,106B
HISTORY,109C
HISTORY,114B
HISTORY,117A
HISTORY,117C
HISTORY,118C
HISTORY,122AC
HISTORY,124B
HISTORY,125A
HISTORY,133A
HISTORY,133B
HISTORY,134B
HISTORY,135B
HISTORY,137AC
HISTORY,140B
HISTORY,156C
HISTORY,160
HISTORY,162C
HISTORY,164A
HISTORY,167C
HISTORY,171C
HISTORY,182A
HISTORY,182AT
HISTORY,C184D
HISTORY,185A
HISTORY,186
HISTORY,190
IAS,45
INFO,103
HISTART,C62
ITALIAN,105
JAPAN,80
JAPAN,116
JEWISH,100
KOREAN,102
KOREAN,112
LATIN,100
LD ARCH,170
LEGALST,103
LEGALST,141
LEGALST,160
LEGALST,174
LEGALST,177
LGBT,145
MATH,160
MEDIAST,104B
MIL AFF,20
BUDDSTD,C117
MUSIC,128
MUSIC,128
MUSIC,137AC
NATAMST,72
ETH STD,C73AC
NE STUD,109
NE STUD,126
NE STUD,150B
NE STUD,180
PHILOS,25B
PHILOS,161
PHILOS,173
PHILOS,184
PHYS ED,130
POLECON,160
POL SCI,112C
PORTUG,113
SASIAN,1B
SASIAN,147
SEASIAN,10B
SLAVIC,100
SOCIOL,131AC
THEATER,125
THEATER,151B
UGBA,C172
