ANTHRO,150
BUDDSTD,C113
BUDDSTD,C116
BUDDSTD,C117
BUDDSTD,C128
CELTIC,173
CHICANO,110
BUDDSTD,C116
CHINESE,130
CHINESE,186
CLASSIC,10B
CLASSIC,28
CLASSIC,36
CLASSIC,124
CLASSIC,130F
LINGUIS,C105
LINGUIS,C105
COM LIT,20A
BUDDSTD,C128
EDUC,131AC
ENGLISH,172
ESPM,50AC
ESPM,162
ESPM,163AC
GERMAN,39P
GERMAN,39P
GLOBAL,100P
GPP,105
GPP,105
GPP,105
GPP,105
GREEK,123
HISTART,21
HISTORY,39A
HISTORY,156C
HISTORY,164A
HISTORY,C184D
HISTORY,185A
ISF,50
ISF,100A
ITALIAN,30
JAPAN,116
JEWISH,100
JEWISH,122
LEGALST,100
LEGALST,103
LEGALST,105
LINGUIS,C105
L & S,121
L & S,160B
PUB POL,C103
MEDIAST,104A
BUDDSTD,C117
MUSIC,137AC
NATAMST,150
NATAMST,151
NE STUD,180
PB HLTH,101
PHILOS,2
PHILOS,3
PHILOS,12A
PHILOS,25B
PHILOS,100
PHILOS,107
PHILOS,115
PHILOS,121
PHILOS,122
PHILOS,125
PHILOS,133
PHILOS,161
PHILOS,173
PHILOS,184
POLECON,100
POLECON,101
POL SCI,4
POL SCI,112C
POL SCI,124C
PUB POL,C103
RHETOR,103B
RHETOR,108
BUDDSTD,C113
SASIAN,142
SCANDIN,160
SLAVIC,134G
SOCIOL,101
SOCIOL,102
ESPM,163AC
BUDDSTD,C128
UGBA,107
