AFRICAM,4A
AFRICAM,5A
AFRICAM,111
AFRICAM,114
AFRICAM,116
AFRICAM,C133A
AFRICAM,137
AFRICAM,152F
AFRICAM,164
AMERSTD,10
AMERSTD,101
AMERSTD,101
AMERSTD,102
AMERSTD,102
LD ARCH,C171
ANTHRO,2AC
ANTHRO,3AC
ESPM,C22AC
ANTHRO,121AC
ANTHRO,C125A
ANTHRO,128
ANTHRO,138A
ANTHRO,157
ANTHRO,169B
ANTHRO,170
ANTHRO,171
ANTHRO,181
ANTHRO,189
ANTHRO,189
ANTHRO,189
ANTHRO,189
ARCH,110AC
ARCH,130
ASAMST,20A
ASAMST,124
ASAMST,128AC
ASAMST,131
ASAMST,146
ASAMST,150
CELTIC,70
CELTIC,128
CHICANO,50
CHICANO,70
CHICANO,135A
CHICANO,163
CHICANO,176
CLASSIC,R44
COG SCI,1
COLWRIT,25AC
CY PLAN,110
CY PLAN,113B
CY PLAN,114
CY PLAN,119
DEMOG,110
SOCIOL,C126
ANTHRO,C125A
ECON,1
ENVECON,C1
ECON,100A
ECON,100B
ECON,101A
ECON,101B
ECON,C103
ECON,105
POL SCI,C135
ECON,C142
ECON,C181
ECON,182
EDUC,130
EDUC,W140A
EDUC,140AC
EDUC,W142
AFRICAM,C133A
ETH STD,159AC
EDUC,W190
EDUC,190AC
EDUC,190AC
EDUC,190AC
"ENE,RES",C100
ENGLISH,101
ENGLISH,175
ENV DES,1
ENV DES,4A
ENV DES,102
ENVECON,C1
ECON,C181
ESPM,C22AC
ESPM,50AC
ESPM,60
ESPM,155AC
ESPM,161
ESPM,162A
ESPM,162A
ESPM,162A
ESPM,162A
ESPM,162A
ESPM,162A
ESPM,168
ESPM,169
ETH STD,10AC
ETH STD,101A
ETH STD,159AC
FRENCH,43B
FRENCH,146A
FRENCH,171A
FRENCH,180D
GEOG,10
DEV STD,C10
GEOG,50AC
NE STUD,C26
GEOG,110
GEOG,138
ETH STD,159AC
LD ARCH,C188
GERMAN,102D
GERMAN,160C
GLOBAL,10A
GLOBAL,100P
GLOBAL,132
GLOBAL,150Q
GLOBAL,150Q
GLOBAL,173
GPP,105
GPP,115
GWS,10
GWS,50AC
GWS,102
GWS,103
GWS,104
GWS,129
GWS,140
HISTORY,4A
HISTORY,5
HISTORY,6A
HISTORY,7A
HISTORY,8A
HISTORY,10
HISTORY,11
HISTORY,12
HISTORY,14
HISTORY,30
HISTORY,100AC
HISTORY,100B
HISTORY,100D
HISTORY,100D
HISTORY,100M
HISTORY,100U
HISTORY,103A
HISTORY,103B
HISTORY,103B
HISTORY,103B
HISTORY,103B
HISTORY,103B
HISTORY,103D
HISTORY,103D
HISTORY,103D
HISTORY,103D
HISTORY,103D
HISTORY,103D
HISTORY,103E
HISTORY,103F
HISTORY,103F
HISTORY,103M
HISTORY,103S
HISTORY,103U
HISTORY,105A
HISTORY,116D
HISTORY,117D
HISTORY,124A
HISTORY,125B
HISTORY,128AC
HISTORY,131B
HISTORY,141B
HISTORY,151C
HISTORY,159B
HISTORY,162B
HISTORY,165D
HISTORY,166C
HISTORY,171B
HISTORY,173C
HISTORY,175B
HISTORY,177B
HISTORY,180
HISTORY,180T
ISF,C100G
HISTORY,185B
HISTORY,C187
IAS,45
IAS,45
IAS,107
IAS,150
IAS,150
SOCIOL,C167
INTEGBI,35AC
ISF,100A
ISF,100F
ISF,100J
ITALIAN,40
JAPAN,160
LD ARCH,12
LD ARCH,110
LD ARCH,C171
LD ARCH,C188
LEGALST,100
LEGALST,103
LEGALST,107
LEGALST,109
LEGALST,138
LEGALST,140
LEGALST,145
LEGALST,151
LEGALST,163
LEGALST,170
LEGALST,180
LEGALST,184
LGBT,20AC
LINGUIS,5
LINGUIS,10
LINGUIS,100
LINGUIS,110
LINGUIS,121
LINGUIS,130
LINGUIS,150
LINGUIS,170
L & S,70B
L & S,126
HISTORY,C187
PSYCH,C162
ECON,C103
MEDIAST,10
MEDIAST,104D
MEDIAST,130
MEDIAST,160
MEDIAST,165
MEDIAST,180
MIL AFF,145A
MUSIC,26AC
MUSIC,109
MUSIC,109M
NATAMST,20A
NATAMST,71
NATAMST,90
NATAMST,100
NATAMST,120AC
NATAMST,175
NATAMST,178
NE STUD,18
NE STUD,C26
NE STUD,147
PB HLTH,116
PB HLTH,150B
PB HLTH,181
PHILOS,2
PHILOS,5
POLECON,100
POLECON,160
POL SCI,1
POL SCI,3
POL SCI,5
POL SCI,102
POL SCI,112B
POL SCI,138E
POL SCI,141A
POL SCI,141C
POL SCI,143A
POL SCI,145A
POL SCI,147F
POL SCI,147G
POL SCI,149E
POL SCI,149W
POL SCI,171
POL SCI,181
PSYCH,1
PSYCH,W1
PSYCH,2
PSYCH,101
PSYCH,110
PSYCH,130
PSYCH,133
PSYCH,140
PSYCH,144
PSYCH,150
PSYCH,C162
PSYCH,167AC
PUB POL,101
PUB POL,117AC
ECON,C142
"ENE,RES",C100
RHETOR,123
RHETOR,152AC
RHETOR,167
SCANDIN,75
SCANDIN,132
SLAVIC,50
SLAVIC,158
SLAVIC,190
SOCIOL,1
SOCIOL,3AC
SOCIOL,5
SOCIOL,7
SOCIOL,101
SOCIOL,102
SOCIOL,103
SOCIOL,108
SOCIOL,110
SOCIOL,111AC
SOCIOL,113AC
SOCIOL,114
SOCIOL,119S
SOCIOL,120
SOCIOL,121
SOCIOL,C126
SOCIOL,130AC
SOCIOL,135
SOCIOL,140
SOCIOL,141
SOCIOL,142
SOCIOL,148
SOCIOL,150
SOCIOL,160
SOCIOL,163
SOCIOL,C167
SOCIOL,169F
SOCIOL,180I
SOCIOL,190
SOCIOL,190
SOCIOL,190
SOCIOL,190
SOCIOL,190
SOCIOL,190
SOCIOL,190
SOC WEL,150AC
SPANISH,100
SPANISH,161
SPANISH,162
SPANISH,164
UGBA,10
UGBA,101A
UGBA,101A
UGBA,101B
UGBA,101B
UGBA,107
UGBA,118
UGBA,152
UGBA,152
UGBA,160
UGBA,178
UGBA,193B
UGIS,110
UGIS,120
UGIS,162I
UGIS,162M
UGIS,162N
UGIS,162O
XANTHRO,1
XESPM,50AC
XESPM,50AC
XETHSTD,21AC
XGEOG,50AC
XGWS,10
