EPS,50
PHYSICS,141A
ESPM,15
PHYSICS,7B
PHYSICS,7C
PHYSICS,7A
PHYSICS,5A
PHYSICS,5B
PHYSICS,5C
EPS,C181
PHYSICS,8A
ESPM,C129
PHYSICS,105
EPS,7
COMPSCI,61C
PHYSICS,110A
EPS,C129
PHYSICS,137A
PHYSICS,137B
CHEM,4A
EPS,109
ASTRON,7A
EPS,100A
ESPM,2
EPS,101
EPS,102
XEPS,80
COMPSCI,188
PHYSICS,111A
GEOG,40
EPS,80
EPS,82
INTEGBI,C13
EPS,131
ASTRON,C13
ENERES,C100
PHYSICS,8B
CHEM,1A
CHEM,3B
CHEM,3A
PUBPOL,C184
CHEM,C130
MCELLBI,C100A
ESPM,172
EPS,C20
LS,C70U
LS,C70V
XCHEM,1A
EPS,117
LS,C70Y
ASTRON,C10
PHYSICS,C10
XASTRON,10
XGEOG,30
