ARABIC,100A
ARABIC,105B
ARABIC,108
ARABIC,111B
ART,119
ASIANST,10
CHICANO,161
CHICANO,163
CHINESE,100A
CHINESE,102
CHINESE,102
CHINESE,110A
CHINESE,111
CHINESE,136
CHINESE,158
CHINESE,172
DEV STD,C10
ECON,162
ENVECON,C151
ECON,C181
ECON,182
ENVECON,C151
ECON,C181
INTEGBI,158LF
ESPM,169
FILIPN,101A
FRENCH,3
FRENCH,3
FRENCH,3
FRENCH,3
FRENCH,3
FRENCH,3
FRENCH,3
FRENCH,102
FRENCH,102
FRENCH,103A
FRENCH,117B
FRENCH,120A
FRENCH,121B
FRENCH,146A
FRENCH,176
FRENCH,180C
GEOG,10
DEV STD,C10
NE STUD,C26
GERMAN,100
GERMAN,101
GERMAN,102D
GLOBAL,10A
GLOBAL,150Q
GLOBAL,150Q
GLOBAL,173
GPP,105
GPP,115
GWS,102
GWS,142
HEBREW,100A
HEBREW,104A
HIN-URD,101A
HIN-URD,104A
IAS,150
IAS,150
IAS,150
IAS,150
IAS,150
IAS,150
INTEGBI,158LF
ISF,100A
ISF,100H
ITALIAN,101
JAPAN,100A
JAPAN,100A
JAPAN,101
JAPAN,120
JAPAN,159
JAPAN,160
JAPAN,163
JEWISH,123
KHMER,101A
KOREAN,100A
KOREAN,101
KOREAN,111
KOREAN,155
KOREAN,157
LATAMST,150
LEGALST,161
M E STU,150
M E STU,150
NE STUD,10
NE STUD,C26
PACS,126
PERSIAN,100A
PERSIAN,103A
POLECON,101
POL SCI,2
POL SCI,5
POL SCI,143A
RUSSIAN,103A
SEASIAN,10A
SLAVIC,50
SOCIOL,127
SOCIOL,145L
SOCIOL,173
SOCIOL,180I
SPANISH,25
SPANISH,25
SPANISH,25
SPANISH,25
SPANISH,25
SPANISH,100
SPANISH,102A
SPANISH,104A
SPANISH,107A
SPANISH,135
SPANISH,135
SPANISH,135
SPANISH,135W
UGBA,178
VIETNMS,101A
XMESTU,10
XPOLSCI,2
