JAPAN,181
BUDDSTD,C135
LEGALST,107
POLECON,100
BUDDSTD,C132
PHILOS,122
EDUC,131AC
CELTIC,168
NATAMST,150
UGBA,107
PHILOS,100
ISF,10
ESPM,50AC
HISTORY,132C
UGIS,C133
PHILOS,176
EALANG,C132
LEGALST,103
EALANG,C135
GREEK,100
LEGALST,140
RHETOR,103A
PHILOS,181
SSEASN,C135
CLASSIC,10A
JEWISH,122
HISTART,21
LEGALST,100
LEGALST,151
EAPSOC,168-363
GPP,105
JAPAN,116
ENGLISH,177
BUDDSTD,C50
HISTORY,C157
CHINESE,186
SOCIOL,102
CLASSIC,121
EALANG,C50
PHILOS,136
PHILOS,135
ESPM,161
PHILOS,11
PHILOS,3
PHILOS,2
PHILOS,115
ISF,100A
GLOBAL,100P
NESTUD,34
ISF,100G
RHETOR,108
ESPM,162A
NESTUD,160
HISTORY,C184D
ITALIAN,130A
EAPPOLS,168-363
EAPHIST,106-67
SASIAN,140
SSEASN,C52
PBHLTH,101
CLASSIC,161
POLSCI,112A
RHETOR,157A
LEGALST,119
HISTORY,30
EALANG,105
ESPM,162
ESPM,C12
GLOBAL,173
NAVSCI,3
LINGUIS,106
GLOBAL,132
EAPPHIL,123-68
NESTUD,146
PHILOS,12A
PHILOS,25A
PHILOS,146
CLASSIC,36
SOCIOL,101
CLASSIC,34
BIOENG,100
PHILOS,153
POLECON,101
