BUDDSTD,C115
BUDDSTD,C117
BUDDSTD,C128
CELTIC,173
CHICANO,110
CLASSIC,10B
CLASSIC,28
CLASSIC,39D
CLASSIC,130
CLASSIC,161
COG SCI,C142
EA LANG,105
EA LANG,110
BUDDSTD,C128
EA LANG,191
EDUC,131AC
ESPM,50AC
ESPM,163AC
ETH STD,145
ETH STD,181AC
GERMAN,157A
GPP,105
GPP,105
GPP,105
HISTORY,164A
HISTORY,C191
HISTORY,C191
ISF,61
ISF,100A
ISF,100G
ITALIAN,30
BUDDSTD,C115
JEWISH,101
JEWISH,120
JEWISH,120
JEWISH,120
LEGALST,100
LEGALST,105
ETH STD,181AC
COG SCI,C142
L & S,22
L & S,124
L & S,160B
PUB POL,C103
MATH,135
MEDIAST,104A
BUDDSTD,C117
NE STUD,39B
NE STUD,101
NE STUD,102B
NE STUD,C104
NE STUD,146B
NE STUD,180
PACS,100
PACS,127
PACS,151
PHILOS,2
PHILOS,3
PHILOS,12A
PHILOS,25B
PHILOS,100
PHILOS,107
PHILOS,110
PHILOS,116
PHILOS,122
PHILOS,132
PHILOS,133
PHILOS,161
PHILOS,172
PHILOS,186B
PHILOS,189
POLECON,100
POLECON,101
POL SCI,4
POL SCI,124C
PUB POL,C103
RHETOR,103B
RHETOR,105T
RHETOR,107
RHETOR,108
RHETOR,108
SASIAN,110
SASIAN,142
SCANDIN,160
SLAVIC,134C
SOCIOL,101
SOCIOL,102
SOCIOL,112
ESPM,163AC
ETH STD,181AC
BUDDSTD,C128
UGBA,107
