ART,16
JAPAN,7B
ARABIC,111B
ENGLISH,143N
THEATER,162
MUSIC,25
ART,13
GREEK,101
AMERSTD,C152
CLASSIC,130E
HISTART,190F
CLASSIC,17B
RHETOR,121
ENGLISH,176
GREEK,116
ART,102
CHINESE,186
ART,15
HISTART,190A
L & S,C60V
JAPAN,173
JAPAN,177
ART,171
COM LIT,171
KOREAN,170
ASAMST,138
THEATER,10
HUM,105
CUNEIF,100B
ETH STD,176
KOREAN,7B
CHICANO,135B
GERMAN,C160G
ENGLISH,166AC
PERSIAN,101A
CHICANO,40
FRENCH,80
COM LIT,60AC
HISTART,151
FRENCH,178A
HISTART,190B
COM LIT,20
ART,8
FRENCH,141
LD ARCH,1
FRENCH,103B
SCANDIN,100B
NATAMST,120
JAPAN,163
NE STUD,153
ENGLISH,141
GWS,100AC
KOREAN,188
ENGLISH,170
L & S,120C
ENGLISH,110
FRENCH,126
PHILOS,176
JAPAN,155
GERMAN,101
ENGLISH,117S
THEATER,109
ENGLISH,125B
SPANISH,135
ETH STD,122AC
HISTORY,39B
ART,118
ART,160
ENGLISH,43A
S ASIAN,124
ARCH,170B
SCANDIN,101B
ASAMST,173
S ASIAN,C113
ENGLISH,26
GERMAN,105
SPANISH,111A
ENGLISH,45B
ART,117
MUSIC,128
EA LANG,119
CLASSIC,28
ART,12
ITALIAN,102
MUSIC,158B
HISTART,105
ENGLISH,143B
ENGLISH,120
SPANISH,107B
THEATER,174
ENGLISH,43B
HISTART,170
LATIN,102
FILM,20
ETH STD,174
THEATER,5
MUSIC,168A
SLAVIC,170
SPANISH,104B
AFRICAM,152F
FILM,180
MUSIC,158A
MUSIC,31
NATAMST,158
MUSIC,159
SEASIAN,148
ENGLISH,130A
MUSIC,80
MUSIC,116BM
KOREAN,153
SLAVIC,134E
THEATER,175B
ART,180
HISTART,190M
HISTART,36
CHINESE,158
THEATER,126
ETH STD,100
KOREAN,109
GERMAN,C60V
COM LIT,112B
MUSIC,157B
FRENCH,172A
THEATER,14
THEATER,52AC
ENGLISH,119
ENGLISH,126
ENGLISH,143A
SLAVIC,50
EA LANG,118
SCANDIN,115
SPANISH,25
ENGLISH,45C
SCANDIN,60
RHETOR,103B
COM LIT,165
NE STUD,135
FILM,181
LATIN,120
THEATER,148
SPANISH,131
VIETNMS,101B
MUSIC,116B
MUSIC,27
THEATER,146B
AFRICAM,5B
ART,138
EA LANG,114
CLASSIC,10B
THEATER,110B
CHICANO,135C
SCANDIN,150
MUSIC,170
PORTUG,102
ASAMST,176
CELTIC,129
ENGLISH,133T
CHICANO,20
FILM,187
ART,124
MUSIC,139
COM LIT,100
HISTART,131B
THEATER,112
THEATER,60
ITALIAN,120
LATIN,100
MUSIC,161B
MUSIC,168D
NATAMST,150
NE STUD,126
L & S,C120T
ENGLISH,130C
ENGLISH,160
MUSIC,180
ARMENI,126
ENGLISH,166
L & S,C20T
NATAMST,C152
CLASSIC,124
SCANDIN,106
PORTUG,27
ASAMST,171
FRENCH,119B
ENGLISH,112
ENGLISH,180Z
ANTHRO,162
CHINESE,188
CHINESE,7B
ENGLISH,180C
THEATER,114
JEWISH,121
THEATER,125
HISTART,190T
THEATER,139B
ART,172
JAPAN,130
HISTART,C11
S ASIAN,142
NE STUD,18
ETH STD,101B
ENGLISH,174
KOREAN,150
NATAMST,20B
AFRICAM,100
ENGLISH,161
ENGLISH,180H
ENGLISH,134
PHILOS,7
EA LANG,181
CHINESE,179
BUDDSTD,C113
ENGLISH,125C
HUM,10
SLAVIC,134C
ENGLISH,177
THEATER,173
ANTHRO,160AC
AMERSTD,C111E
JAPAN,189
UGBA,190C
HISTART,186A
ENGLISH,121
RHETOR,136
CHICANO,141
THEATER,111
PORTUG,135
ENV DES,104
MUSIC,153B
L & S,25
ART,14
ITALIAN,30
MUSIC,154B
MUSIC,155
ENGLISH,45A
CHINESE,110B
THEATER,121
