ECON,135
ETH STD,10AC
HISTORY,103A
CHICANO,50
HISTORY,C139C
HISTORY,152A
ECON,115
CLASSIC,130E
HISTORY,109C
HISTART,190F
CLASSIC,17B
HISTORY,118C
HISTORY,100B
NATAMST,71
ANTHRO,129C
GEOG,C112
HISTORY,4B
HISTART,190A
UGBA,C172
NE STUD,125
HISTORY,103F
HISTORY,166C
HISTORY,182AT
ASAMST,131
COM LIT,171
HISTORY,185B
HISTORY,100AP
CHICANO,152
CHICANO,135B
ANTHRO,121AC
FRENCH,80
HISTART,151
HISTORY,112B
HISTORY,133B
HISTORY,190
SEASIAN,10B
MATH,160
HISTORY,7B
ASAMST,20A
HISTART,190B
LEGALST,177
ANTHRO,122F
HISTORY,160
BUDDSTD,C117
NATAMST,176
POL SCI,112C
NE STUD,153
NATAMST,175
GWS,100AC
ETH STD,173AC
AMERSTD,C172
PHILOS,176
HISTORY,2
NATAMST,90
SCANDIN,132
KOREAN,102
MEDIAST,104B
HISTORY,39B
HISTORY,103D
GLOBAL,110Q
NE STUD,10
HISTORY,5
ARCH,170B
NATAMST,39A
ANTHRO,123A
CHICANO,150B
HISTORY,103U
HISTORY,125A
S ASIAN,1B
GLOBAL,45
ETH STD,181AC
HISTORY,103B
MUSIC,128
EA LANG,119
PHYS ED,130
HISTART,105
LEGALST,160
NATAMST,173AC
HISTART,170
ANTHRO,2AC
NATAMST,145
ANTHRO,122E
LGBT,145
NE STUD,146
HISTORY,140B
SEASIAN,148
ENGLISH,130A
HISTORY,182A
INFO,103
GERMAN,160C
HISTORY,100F
NATAMST,178
HISTART,190M
HISTART,36
NATAMST,20A
HISTORY,103E
PHILOS,161
ASAMST,122
EA LANG,118
GEOG,70AC
NAV SCI,20
NE STUD,109
AMERSTD,C112B
PHILOS,25B
GERMAN,39S
HISTORY,100U
LATIN,120
HISTORY,167C
MIL AFF,180
AFRICAM,5B
CLASSIC,10B
CELTIC,173
NATAMST,72
HISTORY,120AC
LEGALST,174
HISTORY,165D
HISTART,131B
LATIN,100
NE STUD,126
ASAMST,124
HISTORY,6B
HISTORY,114B
NE STUD,114
HISTORY,8B
ASAMST,121
L & S,C20T
ASAMST,171
GEOG,C160B
LD ARCH,170
MONGOLN,C117
ANTHRO,122A
ITALIAN,105
HISTORY,39C
HISTORY,111D
ESPM,160AC
THEATER,125
AMERSTD,10
POLECON,160
DATA,C104
NAV SCI,154
LEGALST,141
NE STUD,18
GEOG,20
ETH STD,21AC
HISTORY,100D
HISTORY,100M
NATAMST,C73AC
ETH STD,C73AC
EA LANG,109
GLOBAL,C100D
ESPM,50AC
HISTORY,39N
HISTART,186A
HISTORY,131B
LEGALST,103
ANTHRO,114
HISTART,C11
PHILOS,178
