ENV DES,100
ESPM,168
ARABIC,111B
POL SCI,2
BUDDSTD,C128
GLOBAL,C10A
ECON,115
ENVECON,C181
GEOG,C112
ANTHRO,136G
GEOG,130
ESPM,165
GLOBAL,10A
SPANISH,102C
AFRICAM,112A
PERSIAN,101A
SPANISH,102A
HISTORY,190
SEASIAN,10B
FRENCH,141
MEDIAST,160
FRENCH,103B
HISTORY,160
POL SCI,124C
JAPAN,163
FRENCH,102
FRENCH,126
FILIPN,101B
JAPAN,155
GERMAN,101
KOREAN,102
SPANISH,135
NE STUD,10
SOCIOL,127
ENVECON,C151
GEOG,C32
SPANISH,111A
ECON,C171
SPANISH,107B
CHINESE,100B
SPANISH,100
SPANISH,104B
ECON,C181
KOREAN,153
ITALIAN,101
CHINESE,158
S,SEASN,C145
KOREAN,109
FRENCH,172A
SLAVIC,50
SPANISH,25
VIETNMS,101B
POL SCI,126A
CHICANO,135C
ECON,182
IAS,150
CELTIC,129
LEGALST,174
MUSIC,139
GLOBAL,173
ARABIC,100B
GPP,105
UGBA,178
RUSSIAN,105A
ARMENI,126
ART,119
FRENCH,119B
ISF,100C
SOCIOL,189G
JAPAN,161
EA LANG,C128
JAPAN,130
KOREAN,100B
GWS,14
ECON,172
DEMOG,C175
UGBA,118
POL SCI,148A
KOREAN,150
SOCIOL,180C
GLOBAL,C100D
THAI,101B
GLOBAL,150Q
POL SCI,146A
ISF,100A
ECON,C175
CHINESE,110B
POLECON,101
