ASAMST,152
RHETOR,107
L & S,C160V
BUDDSTD,C128
LINGUIS,C105
PHILOS,121
CHINESE,186
ITALIAN,30
L & S,C60V
MEDIAST,104A
LEGALST,109
GERMAN,C160G
PHILOS,187
L & S,22
BUDDSTD,C117
POL SCI,124C
NE STUD,103
POL SCI,112C
POLECON,100
PHILOS,176
NATAMST,151
PHILOS,135
RHETOR,10
S ASIAN,C113
PHILOS,2
CLASSIC,28
ENGIN,125
PHILOS,12A
LINGUIS,C142
NE STUD,146
POL SCI,4
PHILOS,100
RHETOR,108
PUB POL,C103
S,SEASN,C145
GERMAN,C60V
PHILOS,161
POLECON,101
RHETOR,103B
PHILOS,25B
PB HLTH,101
MIL AFF,180
CLASSIC,10B
CELTIC,173
PSYCH,C162
COG SCI,C101
JEWISH,122
PHILOS,132
GLOBAL,173
NE STUD,134
GPP,105
NATAMST,150
L & S,C120T
ASAMST,144
LEGALST,100
CLASSIC,124
PHILOS,107
COG SCI,C142
CHICANO,110
MONGOLN,C117
EA LANG,C128
PHILOS,104
DATA,C104
PHILOS,3
L & S,C180U
S ASIAN,142
ANTHRO,158
PHILOS,7
UGBA,107
EDUC,131AC
SOCIOL,101
BUDDSTD,C113
SLAVIC,134C
ESPM,50AC
ENGLISH,177
SOCIOL,102
ISF,100A
BIO ENG,100
ESPM,162
GLOBAL,100P
LEGALST,103
PHILOS,178
