SLAVIC,139
AGRS,R44
THEATER,151A
CHINESE,7A
RHETOR,152AC
AFRICAM,111
PHILOS,172
HISTORY,116G
LEGALST,103
AMERSTD,139AC
SEASIAN,10A
AGRS,17A
HISTORY,100E
ETH STD,21AC
AFRICAM,4A
HISTORY,118B
HISTORY,138T
HISTORY,164A
ANTHRO,122C
ITALIAN,40
HISTORY,12
HISTORY,124B
AMERSTD,C112A
ESPM,50AC
CELTIC,70
HISTORY,175D
ANTHRO,2AC
ASAMST,124
AGRS,130P
KOREAN,187
HISTORY,185A
EA LANG,107
LINGUIS,155AC
HISTORY,6B
ASAMST,171
MELC,C120B
HISTORY,133A
JAPAN,178
HISTORY,158D
ITALIAN,160
PUB POL,C20AC
AGRS,10A
HISTORY,160
COM LIT,20C
NATAMST,90
COM LIT,171
MONGOLN,118
XHISTOR,7B
SLAVIC,100
JEWISH,100
SLAVIC,190
GEOG,C55
MELC,101
HISTORY,167D
HISTORY,C184D
AGRS,130D
LATIN,100
LEGALST,160
LD ARCH,C171
XESPM,50AC
POLECON,160
HISTART,180A
HISTORY,8A
AFRICAM,123
ECON,115
PORTUG,113
HISTORY,108
AMERSTD,10
XAMRSTD,10
HISTORY,136C
POL SCI,141A
ARCH,170A
HISTORY,146
NATAMST,178
HISTORY,100D
CHICANO,50
JAPAN,116
CHICANO,135B
CHICANO,150B
POL SCI,124A
HISTORY,100U
MELC,148
NATAMST,71
FRENCH,161B
POL SCI,112B
JAPAN,7A
SOCIOL,131AC
HISTORY,156C
HISTORY,100M
HISTORY,7A
NATAMST,20A
POL SCI,122A
NATAMST,176
XCLASSI,10A
HISTART,C110
PHILOS,25A
HISTART,131A
SCANDIN,132
GLOBAL,45
S ASIAN,1A
GERMAN,160A
ANTHRO,C12AC
HISTORY,100F
NATAMST,175
XLINGUI,55AC
HISTORY,112B
ASAMST,20A
CHICANO,130
HISTORY,151C
HISTORY,175B
KOREAN,7A
ETH STD,173AC
NATAMST,173AC
BUDDSTD,C115
EA LANG,119
EA LANG,C175
ASAMST,131
PHYS ED,130
NATAMST,179
MELC,10
PHILOS,178
AMERSTD,C171
HISTORY,4A
CHICANO,135A
ESPM,C22AC
AFRICAM,C20AC
HISTART,15A
HISTORY,5
HISTART,100
CHINESE,102
FRENCH,43A
SCANDIN,75
HISTORY,138
HISTORY,177A
NATAMST,C73AC
GERMAN,157A
SCANDIN,123
DATA,C104
ESPM,160AC
ETH STD,10AC
UGIS,C133
MUSIC,128
NATAMST,39A
CY PLAN,110
HISTART,30
ARCH,130
HISTART,10
MELC,C26
JAPAN,C115
XETHSTD,21AC
HISTORY,171C
ASAMST,128AC
ECON,134
HISTORY,130
CHICANO,161
JEWISH,123A
AGRS,39A
HISTORY,143
MUSIC,70
AMERSTD,C172
ETH STD,C73AC
HISTORY,125B
SPANISH,C110
HISTART,C120B
XHISTOR,30
AFRICAM,5A
