PHILOS,115
PSYCH,C120
PSYCH,101
LINGUIS,150
AMERSTD,139AC
POLECON,107
GWS,102
SOCIOL,111AC
POLECON,C138
GLOBAL,173
SOCIOL,115G
ASAMST,20AC
ECON,131
ANTHRO,2AC
SPANISH,161
NATAMST,120AC
ITALIAN,160
ANTHRO,C147B
ASAMST,151
NATAMST,90
XHISTOR,7B
MIL AFF,145A
ESPM,163AC
FRENCH,146A
LEGALST,160
LD ARCH,C171
ESPM,C10
XAMRSTD,10
POL SCI,142A
PSYCH,134
POL SCI,C135
GWS,50AC
HISTORY,100D
ESPM,169
SOC WEL,150AC
SOCIOL,140
SOCIOL,103
XPOLSCI,1
FRENCH,161B
ECON,100A
LEGALST,145
NATAMST,20A
POL SCI,122A
UGBA,101B
SOCIOL,5
SCANDIN,132
XANTHRO,1
NATAMST,100
LINGUIS,C160
GEOG,138
UGIS,110
UGBA,101A
XGEOG,4
HISTORY,175B
ECON,C110
EA LANG,C175
ASAMST,131
SOCIOL,108
PSYCH,133
ESPM,165
AMERSTD,101
PB HLTH,181
SOCIOL,179
GEOG,C188
ARCH,110AC
HISTORY,138
PSYCH,130
PSYCH,150
ASAMST,146
ANTHRO,3AC
ESPM,160AC
ESPM,161
XPOLSCI,2
SOCIOL,167
LD ARCH,12
POL SCI,139D
HISTORY,171C
HISTORY,130
ENVECON,C175
HISTORY,143
AMERSTD,C172
GWS,104
DEMOG,C126
ASAMST,125
XGEOG,50AC
ESPM,168
MEDIAST,170
SOCIOL,124
HISTORY,116G
LEGALST,103
GWS,129
GWS,10
GEOG,10AC
CY PLAN,115
GLOBAL,C10A
ANTHRO,122C
GEOG,50AC
HISTORY,12
CELTIC,70
CY PLAN,118AC
ASAMST,171
CHICANO,176
GERMAN,102D
ASAMST,W20AC
GPP,105
SOCIOL,127
ANTHRO,162
UGIS,162N
SLAVIC,100
COG SCI,C140
UGBA,118
ESPM,162
LINGUIS,100
EDUC,W140A
ECON,100B
SOCIOL,141
XESPM,50AC
POLECON,160
ECON,115
LINGUIS,154
ESPM,C12
NATAMST,178
SOCIOL,135
SOCIOL,111C
AFRICAM,164
UGIS,120
PB HLTH,116
XPHILOS,2
CHICANO,163
POL SCI,124A
ISF,100A
ASAMST,20C
NATAMST,71
ESPM,60
NATAMST,176
CHICANO,70
PSYCH,1
NATAMST,102
NATAMST,175
SOCIOL,C126
NATAMST,173AC
UGBA,10
PSYCH,2
AMERSTD,C171
CHICANO,135A
ASAMST,151AC
HISTORY,5
GLOBAL,150Q
CY PLAN,119
ETH STD,11AC
LINGUIS,140
SOCIOL,101
ECON,C3
LEGALST,140
MATH,C103
EDUC,140AC
SOCIOL,110
ESPM,C135A
POL SCI,1
LD ARCH,C188
RHETOR,170
CY PLAN,110
UGIS,162M
EA LANG,103
LEGALST,109
CHICANO,161
AFRICAM,C133A
XHISTOR,30
ETH STD,C135A
PSYCH,140
POL SCI,5
MEDIAST,180
GLOBAL,121
CY PLAN,113A
ETH STD,21AC
JAPAN,161
XGLOBAL,10B
POL SCI,138E
HISTORY,164A
POL SCI,126A
ITALIAN,40
AMERSTD,C112A
ESPM,50AC
PUB POL,101
ECON,1
HISTORY,6B
POL SCI,3
ECON,C181
GLOBAL,132
EDUC,184
HISTORY,158D
PUB POL,C20AC
UGIS,162O
NATAMST,149
GEOG,C55
GWS,C180Y
EDUC,130
UGIS,162I
HISTORY,8A
ETH STD,101A
LINGUIS,130
ETH STD,159AC
HISTORY,146
LEGALST,162AC
LINGUIS,110
CHICANO,135B
GPP,115
CHICANO,150B
ENVECON,C1
LEGALST,138
HISTORY,100U
SOCIOL,112
SOCIOL,160
ECON,C103
SOCIOL,131AC
HISTORY,100M
SOCIOL,1
XGWS,50AC
PSYCH,124
COG SCI,C100
ETH STD,101B
AMERSTD,102
JAPAN,101
GLOBAL,45
GERMAN,160A
HISTORY,100F
XLINGUI,55AC
HISTORY,112B
ASAMST,150
ETH STD,173AC
PHILOS,2
GERMAN,172
LEGALST,170
HISTORY,4A
ESPM,C22AC
SPANISH,100
GWS,133AC
SCANDIN,75
HISTORY,177A
NATAMST,C73AC
ETH STD,10AC
PB HLTH,150B
CHICANO,159
SOCIOL,3AC
COG SCI,1
NATAMST,39A
PUB POL,C184
SOCIOL,137AC
ASAMST,141
UGBA,152
ANTHRO,1
MELC,C26
PUB POL,W184
XETHSTD,21AC
AFRICAM,101
HISTORY,125B
UGBA,178
GWS,C138
LGBT,C147B
AGRS,R44
POL SCI,149E
DEMOG,110
ECON,101B
GEOG,C32
RHETOR,152AC
AFRICAM,111
ANTHRO,170
ENVECON,C181
POL SCI,2
EDUC,C181
EDUC,W142
HISTORY,100E
AFRICAM,4A
HISTORY,118B
HISTORY,138T
SLAVIC,50
ANTHRO,140
HISTORY,124B
PB HLTH,101
ASAMST,124
HISTORY,185A
AMERSTD,C134
LINGUIS,155AC
SOCIOL,102
HISTORY,133A
MEDIAST,104D
XPSYCH,1
HISTORY,160
PUB POL,117AC
SOCIOL,180I
SLAVIC,147A
GLOBAL,10B
ENV DES,1
SLAVIC,190
ANTHRO,150
SOCIOL,120
PORTUG,113
HISTORY,108
AMERSTD,10
HISTORY,136C
POL SCI,141A
INTEGBI,35AC
POL SCI,171
LEGALST,100
CHICANO,50
PSYCH,160
ISF,100I
PUB POL,157
POL SCI,112B
ENE,RES,C100
JAPAN,160
ECON,182
SOCIOL,150
HISTORY,7A
UGBA,107
LINGUIS,5
PSYCH,167AC
LEGALST,181
PSYCH,W1
LEGALST,107
PSYCH,163
UGBA,160
LGBT,20AC
ANTHRO,C12AC
SOCIOL,130AC
ASAMST,20A
HISTORY,151C
ANTHRO,189
GLOBAL,100P
SOCIOL,121
EDUC,190AC
NATAMST,179
COLWRIT,25AC
ENV DES,102
POLECON,100
AFRICAM,C20AC
ENGLISH,175
CHICANO,20
FRENCH,43A
ISF,100F
UGBA,193B
LINGUIS,106
SCANDIN,165
ECON,101A
UGIS,C133
RHETOR,167
POL SCI,102
ARCH,130
PUB POL,156
SOCIOL,113
ASAMST,128AC
AMERSTD,101AC
ETH STD,C73AC
SOCIOL,190
LEGALST,184
AFRICAM,5A
SOCIOL,7
