BIO ENG,100
BUDDSTD,C50
BUDDSTD,C114
BUDDSTD,C115
CELTIC,168
CLASSIC,10A
CLASSIC,130M
BUDDSTD,C50
EA LANG,191
EDUC,131AC
ENGLISH,172
ESPM,50AC
ESPM,161
ESPM,162A
ESPM,162A
ESPM,162A
ESPM,162A
ESPM,162A
ESPM,162A
GERMAN,C75
GERMAN,157D
GLOBAL,100P
GLOBAL,132
GLOBAL,173
GPP,105
GREEK,100
HISTORY,30
HISTORY,175B
ISF,10
ISF,100A
ITALIAN,130A
BUDDSTD,C115
JEWISH,122
LEGALST,100
LEGALST,103
LEGALST,107
LEGALST,109
LEGALST,140
LEGALST,151
GERMAN,C75
PSYCH,C162
MATH,125A
NAV SCI,3
NE STUD,39A
NE STUD,160
PHILOS,2
PHILOS,3
PHILOS,5
PHILOS,12A
PHILOS,25A
PHILOS,100
PHILOS,108
PHILOS,110
PHILOS,132
PHILOS,135
PHILOS,153
PHILOS,170
PHILOS,178
PHILOS,189
POLECON,100
POLECON,101
POL SCI,112B
POL SCI,117
PSYCH,C162
RHETOR,103A
RHETOR,108
BUDDSTD,C114
SASIAN,128
SASIAN,140
SOCIOL,101
SOCIOL,102
BUDDSTD,C50
BUDDSTD,C114
UGBA,107
XCLASSI,10A
XESPM,50AC
XESPM,50AC
XPHILOS,2
XPHILOS,3
