EDUC,131AC
LS,22
ESPM,163AC
RHETOR,103B
JEWISH,100
LEGALST,161
EALANG,110
PBHLTH,101
PHILOS,173
SOCIOL,102
ESPM,162
PHILOS,3
PHILOS,2
PHILOS,5
BUDDSTD,C128
NATAMST,151
NATAMST,150
COGSCI,C101
COGSCI,180
MILAFF,180
HISTORY,185A
SASIAN,C154
PUBPOL,C103
PHILOS,161
BUDDSTD,C154
NESTUD,144
POLSCI,4
JAPAN,C115
BIOENG,100
PHILOS,100
SOCIOL,137AC
PHILOS,107
LS,C180U
PHILOS,189
UGBA,107
PHILOS,185
GREEK,105
ITALIAN,30
LEGALST,105
MONGOLN,C117
LS,C160V
ENGLISH,172
ENGLISH,177
HISTORY,175D
HISTORY,C184D
PSYCH,C162
PHILOS,12A
SLAVIC,134G
MEDIAST,104A
CLASSIC,130P
CHINESE,C118
BUDDSTD,C113
CLASSIC,130F
TIBETAN,C114
PHILOS,128
HISTORY,20
CLASSIC,28
CLASSIC,10B
PHILOS,104
JEWISH,122
ENGIN,125
GPP,105
SSEASN,C145
ANTHRO,158
GLOBAL,100P
LS,C60U
COMLIT,20A
POLSCI,124C
POLECON,100
COGSCI,C142
SOCIOL,101
ASAMST,144
SASIAN,C114
SASIAN,C113
POLSCI,112B
HISTORY,39D
GERMAN,C25
NESTUD,101
BUDDSTD,C118
BUDDSTD,C114
BUDDSTD,C117
HISTART,38
TIBETAN,C154
ESPM,50AC
JEWISH,123A
LINGUIS,C142
SCANDIN,160
PHILOS,133
PHILOS,132
CHICANO,110
EALANG,191
ISF,100A
EALANG,C128
SASIAN,142
LEGALST,109
CLASSIC,163
PHILOS,25B
POLECON,101
